{
  "project_info": {
    "project_number": "592463958688",
    "firebase_url": "https://coursetool-6216f.firebaseio.com",
    "project_id": "coursetool-6216f",
    "storage_bucket": "coursetool-6216f.appspot.com"
  },
  "client": [
    {
      "client_info": {
        "mobilesdk_app_id": "1:592463958688:android:b7750dcdd21d12c8",
        "android_client_info": {
          "package_name": "com.example.sarah.coursetool"
        }
      },
      "oauth_client": [
        {
          "client_id": "592463958688-oqbhmli0lgofp4nehm9dpm86cvn77e19.apps.googleusercontent.com",
          "client_type": 3
        },
        {
          "client_id": "592463958688-oqbhmli0lgofp4nehm9dpm86cvn77e19.apps.googleusercontent.com",
          "client_type": 3
        }
      ],
      "api_key": [
        {
          "current_key": "AIzaSyCYx_HWqxn5Sx4jeW8vnsh5sBWfSs0VyhQ"
        }
      ],
      "services": {
        "analytics_service": {
          "status": 1
        },
        "appinvite_service": {
          "status": 1,
          "other_platform_oauth_client": []
        },
        "ads_service": {
          "status": 2
        }
      }
    }
  ],
  "configuration_version": "1"
} 